{
  "sim_cam1": {
    "matrix": [
      [0.9277678728103638, 0.0, 39.141693115234375],
      [0.0, 0.9277678728103638, 60.713409423828125],
      [0.0, 0.0, 1.0]
    ],
    "params": [0.8585859110425732, 68.25756399151715]
  },
  "sim_cam2": {
    "matrix": [
      [0.9247972369194031, 0.0, 126.83160400390625],
      [0.0, 0.9247972369194031, 13.537094116210938],
      [0.0, 0.0, 1.0]
    ],
    "params": [1.281410217285156, 25.6279296875]
  }
}